[
    {"name":"HImanshu KUmar Mishra","gender":"Male","department":"DTIT","dob":"2024-03-12T18:30:00.000Z","feedback":"good","anonymous":false},
    {"name":"abcd","gender":"Male","department":"EDG","dob":"2024-03-12T18:30:00.000Z","feedback":"good","anonymous":false},
    {"name":"HImanshu KUmar Mishra","gender":"Female","department":"DTIT","dob":"2024-03-12T18:30:00.000Z","feedback":"good","anonymous":false},
    {"name":"HImanshu KUmar Mishra","gender":"Female","department":"TDP","dob":"2024-03-12T18:30:00.000Z","feedback":"good","anonymous":false},
    {"name":"HImanshu KUmar Mishra","gender":"Male","department":"HR","dob":"2024-03-12T18:30:00.000Z","feedback":"good","anonymous":false},
    {"name":"HImanshu KUmar Mishra","gender":"Male","department":"DTIT","dob":"2024-03-12T18:30:00.000Z","feedback":"good","anonymous":false},
    {"name":"abcd","gender":"Male","department":"EDG","dob":"2024-03-12T18:30:00.000Z","feedback":"good","anonymous":false},
    {"name":"HImanshu KUmar Mishra","gender":"Female","department":"DTIT","dob":"2024-03-12T18:30:00.000Z","feedback":"good","anonymous":false},
    {"name":"HImanshu KUmar Mishra","gender":"Female","department":"TDP","dob":"2024-03-12T18:30:00.000Z","feedback":"good","anonymous":false},
    {"name":"HImanshu KUmar Mishra","gender":"Male","department":"HR","dob":"2024-03-12T18:30:00.000Z","feedback":"good","anonymous":false}
]