[
    {
        "eduid": "ed359133",
        "email": "himanshu.agnihotri-ext@st.com",
        "firstName": "Himanshu",
        "lastName": "AGNIHOTRI",
        "location": "Greater Noida",
        "displayName": "Himanshu AGNIHOTRI",
        "mobile": "",
        "organization": "ICT",
        "jobFunction": "Support Engineering"
    },
    {
        "eduid": "ed001750",
        "email": "himanshu.arora-ext@st.com",
        "firstName": "Himanshu",
        "lastName": "ARORA",
        "location": "Geneva",
        "displayName": "Himanshu ARORA",
        "mobile": "",
        "organization": "ICT",
        "jobFunction": ""
    },
    {
        "eduid": "ed272277",
        "email": "himanshu.jain@st.com",
        "firstName": "Himanshu",
        "lastName": "JAIN",
        "location": "Greater Noida",
        "displayName": "Himanshu JAIN",
        "mobile": "+91 9582965885",
        "organization": "ICT",
        "jobFunction": "IT Business Analysis"
    },
    {
        "eduid": "ed528825",
        "email": "himanshu.jayant-ext@st.com",
        "firstName": "Himanshu",
        "lastName": "JAYANT",
        "location": "Greater Noida",
        "displayName": "Himanshu JAYANT",
        "mobile": "",
        "organization": "ICT",
        "jobFunction": ""
    },
    {
        "eduid": "ed623152",
        "email": "himanshu.malik@st.com",
        "firstName": "Himanshu",
        "lastName": "MALIK",
        "location": "Greater Noida",
        "displayName": "Himanshu MALIK",
        "mobile": "+91 7988034868",
        "organization": "TRD",
        "jobFunction": "Software Developer"
    },
    {
        "eduid": "ed389834",
        "email": "himanshu.mittal@st.com",
        "firstName": "Himanshu",
        "lastName": "MITTAL",
        "location": "Greater Noida",
        "displayName": "Himanshu MITTAL",
        "mobile": "+91 9953440948",
        "organization": "AMG",
        "jobFunction": "Digital Verification Engineer"
    },
    {
        "eduid": "ed277468",
        "email": "himanshu.pruthi@st.com",
        "firstName": "Himanshu",
        "lastName": "PRUTHI",
        "location": "Greater Noida",
        "displayName": "Himanshu PRUTHI",
        "mobile": "",
        "organization": "AMG",
        "jobFunction": "Digital Verification Engineer"
    },
    {
        "eduid": "ed146241",
        "email": "himanshu.purbia@st.com",
        "firstName": "Himanshu",
        "lastName": "PURBIA",
        "location": "Greater Noida",
        "displayName": "Himanshu PURBIA",
        "mobile": "",
        "organization": "MDG",
        "jobFunction": "Digital Design FE"
    },
    {
        "eduid": "ed053794",
        "email": "himanshu.rawat01-ext@st.com",
        "firstName": "Himanshu",
        "lastName": "RAWAT",
        "location": "Greater Noida",
        "displayName": "Himanshu RAWAT",
        "mobile": "+91 9311544588",
        "organization": "ICT",
        "jobFunction": ""
    },
    {
        "eduid": "ed865554",
        "email": "himanshu.rawat02-ext@st.com",
        "firstName": "Himanshu",
        "lastName": "RAWAT",
        "location": "Greater Noida",
        "displayName": "Himanshu RAWAT",
        "mobile": "",
        "organization": "ICT",
        "jobFunction": "Support Engineering"
    },
    {
        "eduid": "ed023332",
        "email": "himanshu.singh-scnd-03@st.com",
        "firstName": "Himanshu",
        "lastName": "SINGH-SCND-03",
        "location": "Greater Noida",
        "displayName": "Himanshu SINGH-SCND-03",
        "mobile": "",
        "organization": "ICT",
        "jobFunction": ""
    },
    {
        "eduid": "ed541353",
        "email": "himanshu.singh@st.com",
        "firstName": "Himanshu",
        "lastName": "SINGH",
        "location": "Greater Noida",
        "displayName": "Himanshu SINGH",
        "mobile": "+91 9811585892",
        "organization": "ICT",
        "jobFunction": "IT Business Analysis"
    },
    {
        "eduid": "ed263184",
        "email": "himanshu.tiwari@st.com",
        "firstName": "Himanshu",
        "lastName": "TIWARI",
        "location": "Greater Noida",
        "displayName": "Himanshu TIWARI",
        "mobile": "",
        "organization": "MDG",
        "jobFunction": "Software Developer"
    },
    {
        "eduid": "ed973914",
        "email": "himanshukumar.mishra@st.com",
        "firstName": "Himanshu Kumar",
        "lastName": "MISHRA",
        "location": "Greater Noida",
        "displayName": "Himanshu Kumar MISHRA",
        "mobile": "",
        "organization": "ICT",
        "jobFunction": "IT Application Management"
    }
]